{
  "gatewayId": "1",
  "port": 8000,
  "batchSize": 100,
  "host": "localhost",
  "epochs": 100,
  "serverUrl": "http://10.0.0.40:8000",
  "getClientStatusUrl": "/set-client",
  "getModelUrl": "/get-model",

  "homeUrl": "/",
  "testModel": "/test-model",
  "trainModel": "/model-train",
  "updateModel": "/update-model",
  "sendModel": "/send-model",

  "dataFilePath": "UpdatedAnomali/anomalies.csv",
  "preprocessedPath": "UpdatedAnomali/preprocessed.csv",
  "freqItemFilePath": "FrequentItems/freqItems.csv",
  "associationRules": "AssociationRules/associationRules.csv",
  "associationRulesX": "AssociationRules/x.csv",
  "associationRulesY": "AssociationRules/y.csv",

  "minSupport": 0.00015,
  "ruleMetric": "confidence",
  "minThreshold": 0.01,

  "botIP": "10.5.0.162",
  "cncIP": "10.5.0.182",
  "victimIP": "10.5.0.168",
  "loaderIP": "10.5.0.23",

  "itemA": "antecedents",
  "itemB": "consequents",
  "confAB": "ConfidenceA->B",
  "confBA": "ConfidenceB->A",
  "suppAB": "Support(A,B)",
  "suppA": "Support(A)",
  "suppB": "Support(B)",
  "lift": "Lift",

  "p-tcp": "p-TCP",
  "p-http": "p-HTTP",
  "p-ssh": "p-SSH",
  "p-dns": "p-DNS",
  "p-ftp": "p-FTP",
  "p-sshv2": "p-SSHv2",
  "l0": "l-0.0",
  "l1": "l-1.0",
  "l2": "l-2.0",
  "l3": "l-3.0",
  "r-public": "r-PUBLIC",
  "r-private": "r-PRIVATE",
  "r-non": "r-NON",
  "x-in": "x-IN",
  "x-out": "x-OUT",
  "x-non": "x-NON",
  "c1": "c-SCAN",
  "c2": "c-LOGIN",
  "c3": "c-CNC_COM",
  "c4": "c-MAL_DOWN",
  "c5": "c-DDOS",
  "d1": "d-80",
  "d2": "d-22",
  "d3": "d-23",
  "d4": "d-53",
  "d5": "d-143",
  "d6": "d-194",
  "d7": "d-20",
  "d8": "d-21",
  "d9": "d-7000",
  "d10": "d-443",
  "d-any": "d-ANY",


  "c-SCAN": 0,
  "c-LOGIN": 1,
  "c-CNC_COM": 2,
  "c-MAL_DOWN": 3,
  "c-DDOS": 4,

  "c-SCAN-KEY": "c-SCAN",
  "c-LOGIN-KEY":"c-LOGIN",
  "c-CNC_COM-KEY": "c-CNC_COM",
  "c-MAL_DOWN-KEY":"c-MAL_DOWN",
  "c-DDOS-KEY": "c-DDOS",

  "cidr": ["10.1.0.0/24", "10.2.0.0/24", "10.3.0.0/24", "10.4.0.0/24"],

  "times": 6
}
